time,Time,High,Low,Open,Volumefrom,Volumeto,Close,Conversiontype,Conversionsymbol,Volume
2024-01-20 00:00:00,1705708800,2490.05,2452.6,2490.05,114757.82,283565628.23,2470.31,direct,,283450870.41
2024-01-21 00:00:00,1705795200,2480.59,2451.91,2470.31,84186.67,207909134.54,2455.35,direct,,207824947.87
2024-01-22 00:00:00,1705881600,2464.27,2302.07,2455.35,382384.29,908763742.8,2311.54,direct,,908381358.51
2024-01-23 00:00:00,1705968000,2349.2,2165.34,2311.54,476808.58,1064700522.86,2241.32,direct,,1064223714.28
2024-01-24 00:00:00,1706054400,2262.69,2195.63,2241.32,271737.21,605305544.17,2234.13,direct,,605033806.9599999
2024-01-25 00:00:00,1706140800,2241.03,2170.05,2234.13,242755.56,536955642.14,2217.5,direct,,536712886.58
2024-01-26 00:00:00,1706227200,2281.01,2194.89,2217.5,281209.33,631732275.0,2267.33,direct,,631451065.67
2024-01-27 00:00:00,1706313600,2282.56,2251.19,2267.33,121435.42,275424730.41,2267.97,direct,,275303294.99
2024-01-28 00:00:00,1706400000,2307.73,2239.84,2267.97,165618.01,376754792.96,2256.6,direct,,376589174.95
2024-01-29 00:00:00,1706486400,2322.48,2233.69,2256.6,215146.92,490260629.87,2317.51,direct,,490045482.95
2024-01-30 00:00:00,1706572800,2391.57,2297.16,2317.51,279970.77,655413615.82,2343.1,direct,,655133645.0500001
2024-01-31 00:00:00,1706659200,2351.47,2263.16,2343.1,268083.72,621018581.0,2281.77,direct,,620750497.28
2024-02-01 00:00:00,1706745600,2310.4,2239.78,2281.77,217264.4,495660912.66,2303.34,direct,,495443648.26000005
2024-02-02 00:00:00,1706832000,2323.08,2280.8,2303.34,191680.68,441562111.31,2307.85,direct,,441370430.63
2024-02-03 00:00:00,1706918400,2328.23,2292.31,2307.85,96227.34,222308235.56,2295.87,direct,,222212008.22
2024-02-04 00:00:00,1707004800,2309.1,2267.59,2295.87,142393.17,326706078.21,2288.68,direct,,326563685.03999996
2024-02-05 00:00:00,1707091200,2335.71,2268.15,2288.68,198435.62,456661905.21,2299.16,direct,,456463469.59
2024-02-06 00:00:00,1707177600,2392.04,2296.27,2299.16,306229.12,718267813.82,2372.2,direct,,717961584.7
2024-02-07 00:00:00,1707264000,2473.23,2353.16,2372.2,272427.16,652240112.9,2424.33,direct,,651967685.74
2024-02-08 00:00:00,1707350400,2462.14,2411.45,2424.33,348490.6,846989854.44,2419.79,direct,,846641363.84
2024-02-09 00:00:00,1707436800,2523.95,2419.06,2419.79,403815.63,1002058339.27,2487.62,direct,,1001654523.64
2024-02-10 00:00:00,1707523200,2517.14,2473.58,2487.62,150601.42,376068111.04,2500.87,direct,,375917509.62
2024-02-11 00:00:00,1707609600,2540.37,2494.72,2500.87,167579.98,421659247.33,2507.91,direct,,421491667.34999996
2024-02-12 00:00:00,1707696000,2666.3,2472.79,2507.91,323858.15,833389992.06,2660.56,direct,,833066133.91
2024-02-13 00:00:00,1707782400,2686.7,2591.27,2660.56,387685.63,1025294105.03,2641.6,direct,,1024906419.4
2024-02-14 00:00:00,1707868800,2788.42,2619.8,2641.6,359500.08,980680072.11,2777.51,direct,,980320572.03
2024-02-15 00:00:00,1707955200,2867.69,2762.64,2777.51,397615.65,1118227404.91,2825.35,direct,,1117829789.26
2024-02-16 00:00:00,1708041600,2859.47,2744.76,2825.35,318932.07,896210606.48,2804.05,direct,,895891674.41
2024-02-17 00:00:00,1708128000,2806.14,2720.42,2804.05,165464.46,458634232.92,2787.0,direct,,458468768.46000004
2024-02-18 00:00:00,1708214400,2895.47,2766.78,2787.0,216262.87,610424136.56,2881.4,direct,,610207873.6899999
2024-02-19 00:00:00,1708300800,2984.2,2857.64,2881.4,326638.19,953161117.46,2945.0,direct,,952834479.27
2024-02-20 00:00:00,1708387200,3032.5,2874.59,2945.0,436622.68,1285168708.83,3015.27,direct,,1284732086.1499999
2024-02-21 00:00:00,1708473600,3017.25,2869.15,3015.27,416859.98,1221365901.95,2968.67,direct,,1220949041.97
2024-02-22 00:00:00,1708560000,3035.27,2906.44,2968.67,398857.68,1186610554.8,2969.67,direct,,1186211697.12
2024-02-23 00:00:00,1708646400,2991.73,2906.28,2969.67,269457.9,792750968.62,2922.1,direct,,792481510.72
2024-02-24 00:00:00,1708732800,3005.45,2906.62,2922.1,145003.03,429496146.2,2992.35,direct,,429351143.17
2024-02-25 00:00:00,1708819200,3119.66,2983.68,2992.35,265770.75,812148194.41,3112.81,direct,,811882423.66
2024-02-26 00:00:00,1708905600,3197.66,3037.24,3112.81,375179.84,1171482366.27,3178.24,direct,,1171107186.43
2024-02-27 00:00:00,1708992000,3288.82,3167.46,3178.24,373964.99,1211227367.65,3243.69,direct,,1210853402.66
2024-02-28 00:00:00,1709078400,3490.66,3194.42,3243.69,513048.44,1707770843.75,3386.34,direct,,1707257795.31
2024-02-29 00:00:00,1709164800,3520.76,3303.6,3386.34,399274.29,1367994605.43,3342.24,direct,,1367595331.14
2024-03-01 00:00:00,1709251200,3453.77,3340.92,3342.24,241624.87,823506213.17,3435.9,direct,,823264588.3
2024-03-02 00:00:00,1709337600,3461.78,3398.38,3435.9,153210.01,524944019.98,3423.65,direct,,524790809.97
2024-03-03 00:00:00,1709424000,3493.25,3365.52,3423.65,174122.89,598632307.05,3489.57,direct,,598458184.16
2024-03-04 00:00:00,1709510400,3643.81,3436.14,3489.57,379175.59,1340904406.6,3631.85,direct,,1340525231.01
2024-03-05 00:00:00,1709596800,3826.7,3207.51,3631.85,732190.67,2637640132.83,3557.93,direct,,2636907942.16
2024-03-06 00:00:00,1709683200,3902.17,3502.64,3557.93,489295.58,1849427331.22,3821.19,direct,,1848938035.64
2024-03-07 00:00:00,1709769600,3939.52,3737.47,3821.19,295685.4,1132011899.65,3874.46,direct,,1131716214.25
2024-03-08 00:00:00,1709856000,4000.14,3828.33,3874.46,359382.61,1412263227.04,3891.97,direct,,1411903844.43
2024-03-09 00:00:00,1709942400,3950.61,3880.22,3891.97,138310.17,541613113.28,3913.28,direct,,541474803.11
2024-03-10 00:00:00,1710028800,3971.32,3799.55,3913.28,190112.26,743460686.12,3881.86,direct,,743270573.86
2024-03-11 00:00:00,1710115200,4091.01,3752.31,3881.86,374497.81,1493590506.66,4065.75,direct,,1493216008.8500001
2024-03-12 00:00:00,1710201600,4092.73,3832.09,4065.75,383635.95,1526774188.85,3979.43,direct,,1526390552.8999999
2024-03-13 00:00:00,1710288000,4083.88,3934.38,3979.43,286962.91,1150784389.88,4007.46,direct,,1150497426.97
2024-03-14 00:00:00,1710374400,4012.91,3719.25,4007.46,376891.87,1466371721.53,3880.8,direct,,1465994829.66
2024-03-15 00:00:00,1710460800,3931.65,3567.56,3880.8,487205.54,1806124095.18,3742.44,direct,,1805636889.64
2024-03-16 00:00:00,1710547200,3780.95,3467.22,3742.44,287100.39,1048207664.08,3520.08,direct,,1047920563.69
2024-03-17 00:00:00,1710633600,3676.55,3411.95,3520.08,273465.18,975546606.2,3641.61,direct,,975273141.0200001
2024-03-18 00:00:00,1710720000,3642.66,3454.26,3641.61,301558.82,1071170431.07,3520.31,direct,,1070868872.25
2024-03-19 00:00:00,1710806400,3547.15,3149.03,3520.31,587955.64,1943259863.05,3158.44,direct,,1942671907.4099998
2024-03-20 00:00:00,1710892800,3535.92,3057.97,3158.44,658543.95,2169017019.63,3516.66,direct,,2168358475.6800003
2024-03-21 00:00:00,1710979200,3586.77,3411.44,3516.66,401675.9,1410320174.21,3492.08,direct,,1409918498.31
2024-03-22 00:00:00,1711065600,3542.29,3250.83,3492.08,405182.37,1374192771.15,3337.08,direct,,1373787588.7800002
2024-03-23 00:00:00,1711152000,3435.43,3271.78,3337.08,251602.31,846213410.27,3330.49,direct,,845961807.96
2024-03-24 00:00:00,1711238400,3470.85,3300.55,3330.49,207564.45,700715597.16,3454.45,direct,,700508032.7099999
2024-03-25 00:00:00,1711324800,3659.32,3420.9,3454.45,347674.26,1232616949.46,3590.96,direct,,1232269275.2
2024-03-26 00:00:00,1711411200,3680.41,3544.7,3590.96,302556.21,1092361093.56,3587.6,direct,,1092058537.35
2024-03-27 00:00:00,1711497600,3665.39,3459.06,3587.6,330442.76,1173800981.61,3499.77,direct,,1173470538.85
2024-03-28 00:00:00,1711584000,3611.7,3462.9,3499.77,279078.37,991858231.33,3561.1,direct,,991579152.96
2024-03-29 00:00:00,1711670400,3584.55,3474.1,3561.1,201382.16,710475049.61,3511.49,direct,,710273667.45
2024-03-30 00:00:00,1711756800,3567.15,3488.56,3511.49,153144.16,538809534.91,3507.56,direct,,538656390.75
2024-03-31 00:00:00,1711843200,3654.87,3506.31,3507.56,157210.73,566598172.38,3645.98,direct,,566440961.65
2024-04-01 00:00:00,1711929600,3646.35,3414.46,3645.98,266251.45,934917050.13,3505.52,direct,,934650798.68
2024-04-02 00:00:00,1712016000,3507.54,3213.09,3505.52,406551.0,1350633378.51,3279.4,direct,,1350226827.51
2024-04-03 00:00:00,1712102400,3368.57,3203.99,3279.4,301025.74,997504814.36,3312.24,direct,,997203788.62
2024-04-04 00:00:00,1712188800,3444.82,3252.11,3312.24,306389.28,1024032112.02,3329.17,direct,,1023725722.74
2024-04-05 00:00:00,1712275200,3348.68,3211.37,3329.17,301242.62,991902873.76,3319.12,direct,,991601631.14
2024-04-06 00:00:00,1712361600,3398.56,3308.84,3319.12,151035.71,504501846.56,3352.4,direct,,504350810.85
2024-04-07 00:00:00,1712448000,3459.61,3345.47,3352.4,153705.66,522076832.37,3453.85,direct,,521923126.71
2024-04-08 00:00:00,1712534400,3728.57,3407.31,3453.85,348354.17,1257790924.33,3694.7,direct,,1257442570.1599998
2024-04-09 00:00:00,1712620800,3726.03,3452.88,3694.7,330003.13,1184278583.93,3504.83,direct,,1183948580.8
2024-04-10 00:00:00,1712707200,3562.32,3413.05,3504.83,287616.46,1006631402.92,3545.56,direct,,1006343786.4599999
2024-04-11 00:00:00,1712793600,3617.34,3473.65,3545.56,225366.27,796534108.67,3503.21,direct,,796308742.4
2024-04-12 00:00:00,1712880000,3552.91,3095.49,3503.21,415871.51,1387659435.48,3239.12,direct,,1387243563.97
2024-04-13 00:00:00,1712966400,3301.9,2832.33,3239.12,617652.5,1908312548.54,3011.51,direct,,1907694896.04
2024-04-14 00:00:00,1713052800,3175.48,2911.99,3011.51,480594.13,1464413624.74,3158.26,direct,,1463933030.61
2024-04-15 00:00:00,1713139200,3280.66,3025.93,3158.26,393938.85,1244925295.21,3103.0,direct,,1244531356.3600001
2024-04-16 00:00:00,1713225600,3128.0,2991.76,3103.0,359785.72,1102919090.86,3085.42,direct,,1102559305.1399999
2024-04-17 00:00:00,1713312000,3123.61,2914.87,3085.42,323995.26,978463368.36,2985.12,direct,,978139373.1
2024-04-18 00:00:00,1713398400,3095.76,2953.19,2985.12,288067.39,873530402.2,3065.69,direct,,873242334.8100001
2024-04-19 00:00:00,1713484800,3128.53,2866.07,3065.69,342783.81,1045944600.77,3057.95,direct,,1045601816.96
2024-04-20 00:00:00,1713571200,3172.03,3020.15,3057.95,167131.32,516137769.98,3157.04,direct,,515970638.66
2024-04-21 00:00:00,1713657600,3198.43,3117.72,3157.04,148983.34,470671773.32,3148.11,direct,,470522789.98
2024-04-22 00:00:00,1713744000,3237.49,3130.02,3148.11,209637.54,669498961.12,3201.55,direct,,669289323.58
2024-04-23 00:00:00,1713830400,3265.06,3153.66,3201.55,213483.88,685076398.96,3219.78,direct,,684862915.08
2024-04-24 00:00:00,1713916800,3293.6,3103.6,3219.78,269991.9,864542926.86,3139.1,direct,,864272934.96
2024-04-25 00:00:00,1714003200,3191.65,3072.07,3139.1,281066.14,882134092.22,3155.47,direct,,881853026.08
2024-04-26 00:00:00,1714089600,3166.44,3101.66,3155.47,219855.93,689663958.95,3130.07,direct,,689444103.0200001
2024-04-27 00:00:00,1714176000,3281.58,3068.25,3130.07,203602.38,643382820.24,3253.23,direct,,643179217.86
2024-04-28 00:00:00,1714262400,3356.14,3247.4,3253.23,205463.5,678357043.13,3262.43,direct,,678151579.63
2024-04-29 00:00:00,1714348800,3286.13,3115.53,3262.43,267685.05,852862297.95,3215.73,direct,,852594612.9000001
2024-04-30 00:00:00,1714435200,3249.56,2916.96,3215.73,361691.81,1098924247.19,3011.46,direct,,1098562555.38
2024-05-01 00:00:00,1714521600,3020.24,2814.92,3011.46,435377.76,1273126182.34,2968.82,direct,,1272690804.58
2024-05-02 00:00:00,1714608000,3016.2,2891.41,2968.82,272328.54,807841703.83,2986.41,direct,,807569375.2900001
2024-05-03 00:00:00,1714694400,3128.05,2958.91,2986.41,277060.08,840705738.28,3103.77,direct,,840428678.1999999
2024-05-04 00:00:00,1714780800,3168.22,3094.62,3103.77,147176.47,459744729.64,3117.52,direct,,459597553.16999996
2024-05-05 00:00:00,1714867200,3171.62,3074.21,3117.52,152383.35,476413151.08,3137.09,direct,,476260767.72999996
2024-05-06 00:00:00,1714953600,3221.37,3046.59,3137.09,237439.94,741977976.88,3063.19,direct,,741740536.9399999
2024-05-07 00:00:00,1715040000,3129.75,3000.11,3063.19,221350.09,679034472.49,3005.91,direct,,678813122.4
2024-05-08 00:00:00,1715126400,3037.87,2937.08,3005.91,241568.02,724279038.67,2973.31,direct,,724037470.65
2024-05-09 00:00:00,1715212800,3058.63,2949.86,2973.31,211428.59,633874345.6,3035.93,direct,,633662917.01
2024-05-10 00:00:00,1715299200,3053.17,2878.86,3035.93,258568.64,765131256.66,2909.58,direct,,764872688.02
2024-05-11 00:00:00,1715385600,2944.04,2886.48,2909.58,125899.86,367160920.04,2911.82,direct,,367035020.18
2024-05-12 00:00:00,1715472000,2954.09,2900.58,2911.82,111406.04,325974911.48,2927.97,direct,,325863505.44
2024-05-13 00:00:00,1715558400,2994.62,2864.31,2927.97,261787.73,769541695.03,2950.16,direct,,769279907.3
2024-05-14 00:00:00,1715644800,2960.08,2859.65,2950.16,249247.21,724637752.4,2880.64,direct,,724388505.1899999
2024-05-15 00:00:00,1715731200,3041.55,2862.97,2880.64,250539.77,740315343.71,3033.46,direct,,740064803.94
2024-05-16 00:00:00,1715817600,3041.6,2924.04,3033.46,221619.51,660576487.83,2945.17,direct,,660354868.32
2024-05-17 00:00:00,1715904000,3121.45,2933.76,2945.17,237502.45,724015765.69,3093.44,direct,,723778263.24
2024-05-18 00:00:00,1715990400,3147.62,3085.46,3093.44,131838.78,410558780.4,3123.72,direct,,410426941.62
2024-05-19 00:00:00,1716076800,3137.07,3054.06,3123.72,139746.96,431923921.13,3070.68,direct,,431784174.17
2024-05-20 00:00:00,1716163200,3694.25,3048.64,3070.68,613409.29,2059788024.65,3661.58,direct,,2059174615.3600001
2024-05-21 00:00:00,1716249600,3838.22,3626.39,3661.58,610857.21,2282068734.66,3789.36,direct,,2281457877.45
2024-05-22 00:00:00,1716336000,3812.19,3653.74,3789.36,379891.06,1420963880.22,3736.33,direct,,1420583989.16
2024-05-23 00:00:00,1716422400,3945.85,3545.21,3736.33,669270.47,2537742098.36,3781.61,direct,,2537072827.8900003
2024-05-24 00:00:00,1716508800,3827.36,3628.42,3781.61,288764.04,1074712165.87,3727.14,direct,,1074423401.83
2024-05-25 00:00:00,1716595200,3777.86,3708.25,3727.14,99783.57,373668589.73,3749.23,direct,,373568806.16
2024-05-26 00:00:00,1716681600,3882.33,3731.48,3749.23,161510.02,616285834.19,3824.34,direct,,616124324.1700001
2024-05-27 00:00:00,1716768000,3973.81,3821.86,3824.34,205569.41,804496436.45,3891.26,direct,,804290867.0400001
2024-05-28 00:00:00,1716854400,3926.23,3769.74,3891.26,233210.02,898526969.71,3840.39,direct,,898293759.69
2024-05-29 00:00:00,1716940800,3883.1,3740.97,3840.39,230073.49,873454576.08,3762.22,direct,,873224502.59
2024-05-30 00:00:00,1717027200,3823.86,3700.91,3762.22,207732.71,781849408.11,3746.97,direct,,781641675.4
2024-05-31 00:00:00,1717113600,3844.09,3720.98,3746.97,225857.18,851837584.52,3758.65,direct,,851611727.34
2024-06-01 00:00:00,1717200000,3829.62,3748.85,3758.65,97005.74,367756459.88,3812.81,direct,,367659454.14
2024-06-02 00:00:00,1717286400,3834.79,3750.64,3812.81,123116.68,466824951.42,3779.06,direct,,466701834.74
2024-06-03 00:00:00,1717372800,3849.89,3758.03,3779.06,171897.5,653009594.07,3766.32,direct,,652837696.57
2024-06-04 00:00:00,1717459200,3832.27,3731.38,3766.32,161833.45,612657331.91,3810.73,direct,,612495498.4599999
2024-06-05 00:00:00,1717545600,3887.65,3778.47,3810.73,170665.85,652385687.52,3866.46,direct,,652215021.67
2024-06-06 00:00:00,1717632000,3878.9,3758.9,3866.46,140945.2,540297339.89,3812.05,direct,,540156394.6899999
2024-06-07 00:00:00,1717718400,3839.68,3584.45,3812.05,249976.03,935183066.83,3676.79,direct,,934933090.8000001
2024-06-08 00:00:00,1717804800,3707.87,3660.99,3676.79,80031.59,294854677.9,3680.84,direct,,294774646.31
2024-06-09 00:00:00,1717891200,3721.77,3666.37,3680.84,64608.0,238542651.45,3706.0,direct,,238478043.45
2024-06-10 00:00:00,1717977600,3712.47,3643.95,3706.0,115082.08,423204164.35,3665.99,direct,,423089082.27000004
2024-06-11 00:00:00,1718064000,3671.15,3420.98,3665.99,327115.24,1153310772.38,3497.32,direct,,1152983657.14
2024-06-12 00:00:00,1718150400,3656.3,3462.28,3497.32,236419.7,843561060.98,3559.25,direct,,843324641.28
2024-06-13 00:00:00,1718236800,3560.44,3426.66,3559.25,244679.96,853785190.92,3467.79,direct,,853540510.9599999
2024-06-14 00:00:00,1718323200,3529.49,3360.4,3467.79,263322.79,910398097.21,3479.74,direct,,910134774.4200001
2024-06-15 00:00:00,1718409600,3591.34,3471.43,3479.74,160975.62,569541552.37,3566.61,direct,,569380576.75
2024-06-16 00:00:00,1718496000,3650.47,3539.39,3566.61,123587.85,443668310.23,3622.37,direct,,443544722.38
2024-06-17 00:00:00,1718582400,3636.6,3464.1,3622.37,293898.69,1040317235.48,3510.08,direct,,1040023336.79
2024-06-18 00:00:00,1718668800,3515.3,3360.4,3510.08,360756.73,1235708665.8,3482.27,direct,,1235347909.07
2024-06-19 00:00:00,1718755200,3585.45,3464.99,3482.27,277087.04,981355099.29,3558.97,direct,,981078012.25
2024-06-20 00:00:00,1718841600,3624.03,3484.24,3558.97,285337.3,1013417559.96,3510.94,direct,,1013132222.6600001
2024-06-21 00:00:00,1718928000,3545.62,3445.09,3510.94,285086.02,997489348.48,3517.28,direct,,997204262.46
2024-06-22 00:00:00,1719014400,3520.1,3474.17,3517.28,92237.39,322568484.7,3494.25,direct,,322476247.31
2024-06-23 00:00:00,1719100800,3519.63,3405.61,3494.25,128959.72,447200216.36,3418.62,direct,,447071256.64
2024-06-24 00:00:00,1719187200,3432.39,3238.76,3418.62,432111.09,1436399345.37,3350.54,direct,,1435967234.28
2024-06-25 00:00:00,1719273600,3429.63,3335.17,3350.54,268888.0,910221643.15,3393.91,direct,,909952755.15
2024-06-26 00:00:00,1719360000,3424.88,3324.89,3393.91,233222.44,787394906.99,3369.46,direct,,787161684.55
2024-06-27 00:00:00,1719446400,3473.86,3360.17,3369.46,202794.81,694115777.85,3445.8,direct,,693912983.0400001
2024-06-28 00:00:00,1719532800,3484.29,3361.15,3445.8,237892.69,813695887.0,3373.8,direct,,813457994.31
2024-06-29 00:00:00,1719619200,3402.58,3367.02,3373.8,73783.39,249697553.04,3373.52,direct,,249623769.65
2024-06-30 00:00:00,1719705600,3454.57,3348.22,3373.52,113753.11,386215815.53,3432.82,direct,,386102062.41999996
2024-07-01 00:00:00,1719792000,3519.01,3421.6,3432.82,194043.88,673689774.3,3438.83,direct,,673495730.42
2024-07-02 00:00:00,1719878400,3460.32,3397.31,3438.83,133508.19,457927979.27,3416.41,direct,,457794471.08
2024-07-03 00:00:00,1719964800,3427.05,3248.43,3416.41,252160.2,836070409.6,3292.16,direct,,835818249.4
2024-07-04 00:00:00,1720051200,3309.66,3050.24,3292.16,331942.98,1049223019.3,3058.81,direct,,1048891076.3199999
2024-07-05 00:00:00,1720137600,3107.89,2813.4,3058.81,590544.78,1738218188.02,2982.07,direct,,1737627643.24
2024-07-06 00:00:00,1720224000,3081.82,2956.02,2982.07,186751.41,563019491.33,3067.54,direct,,562832739.9200001
2024-07-07 00:00:00,1720310400,3073.37,2922.6,3067.54,194303.14,581743502.23,2931.2,direct,,581549199.09
2024-07-08 00:00:00,1720396800,3095.59,2823.46,2931.2,446084.06,1324818646.47,3018.49,direct,,1324372562.41
2024-07-09 00:00:00,1720483200,3113.28,3003.39,3018.49,270137.34,827566369.94,3066.44,direct,,827296232.6
2024-07-10 00:00:00,1720569600,3151.0,3024.32,3066.44,266996.85,827331929.61,3100.44,direct,,827064932.76
2024-07-11 00:00:00,1720656000,3216.8,3055.15,3100.44,306401.14,959215308.08,3099.49,direct,,958908906.94
2024-07-12 00:00:00,1720742400,3158.27,3045.45,3099.49,263282.49,816437009.68,3134.62,direct,,816173727.1899999
2024-07-13 00:00:00,1720828800,3203.26,3114.5,3134.62,143528.6,452734839.69,3176.67,direct,,452591311.09
2024-07-14 00:00:00,1720915200,3269.15,3164.68,3176.67,179824.84,576393568.87,3246.12,direct,,576213744.03
2024-07-15 00:00:00,1721001600,3495.92,3234.16,3246.12,372645.85,1256447785.47,3485.5,direct,,1256075139.6200001
2024-07-16 00:00:00,1721088000,3500.11,3348.6,3485.5,381716.86,1311168548.22,3446.19,direct,,1310786831.3600001
2024-07-17 00:00:00,1721174400,3518.37,3377.02,3446.19,290332.97,1002846011.47,3387.66,direct,,1002555678.5
2024-07-18 00:00:00,1721260800,3489.81,3367.76,3387.66,294308.06,1008326515.58,3425.94,direct,,1008032207.5200001
2024-07-19 00:00:00,1721347200,3542.18,3376.46,3425.94,362043.38,1249532745.89,3506.0,direct,,1249170702.51
2024-07-20 00:00:00,1721433600,3541.04,3482.21,3506.0,155617.03,545578065.02,3518.85,direct,,545422447.99
2024-07-21 00:00:00,1721520000,3547.99,3413.6,3518.85,237146.07,829407003.8,3536.46,direct,,829169857.7299999
2024-07-22 00:00:00,1721606400,3563.26,3424.39,3536.46,293172.34,1021404115.3,3441.05,direct,,1021110942.9599999
2024-07-23 00:00:00,1721692800,3541.2,3390.66,3441.05,497692.19,1727769821.29,3483.07,direct,,1727272129.1
2024-07-24 00:00:00,1721779200,3488.34,3305.26,3483.07,374294.59,1276136904.66,3335.15,direct,,1275762610.0700002
2024-07-25 00:00:00,1721865600,3342.09,3086.98,3335.15,629226.14,1993255125.39,3174.48,direct,,1992625899.25
2024-07-26 00:00:00,1721952000,3286.14,3170.16,3174.48,352369.01,1143687551.64,3274.89,direct,,1143335182.63
2024-07-27 00:00:00,1722038400,3328.21,3191.5,3274.89,266332.66,870351113.68,3249.36,direct,,870084781.02
2024-07-28 00:00:00,1722124800,3284.22,3198.42,3249.36,169799.31,552126414.21,3270.15,direct,,551956614.9000001
2024-07-29 00:00:00,1722211200,3396.47,3257.12,3270.15,401715.85,1337423635.28,3317.94,direct,,1337021919.43
2024-07-30 00:00:00,1722297600,3365.72,3233.0,3317.94,350556.94,1159118253.15,3278.41,direct,,1158767696.21
2024-07-31 00:00:00,1722384000,3348.14,3212.6,3278.41,376464.31,1237697272.51,3231.84,direct,,1237320808.2
2024-08-01 00:00:00,1722470400,3242.01,3077.63,3231.84,487547.13,1539066982.82,3200.67,direct,,1538579435.6899998
2024-08-02 00:00:00,1722556800,3215.63,2963.83,3200.67,523145.1,1612368844.34,2985.72,direct,,1611845699.24
2024-08-03 00:00:00,1722643200,3016.01,2857.64,2985.72,393207.03,1156019177.73,2902.09,direct,,1155625970.7
2024-08-04 00:00:00,1722729600,2932.92,2631.57,2902.09,471043.14,1318526624.61,2688.08,direct,,1318055581.4699998
2024-08-05 00:00:00,1722816000,2695.99,2121.38,2688.08,1526680.78,3591927547.03,2420.39,direct,,3590400866.25
2024-08-06 00:00:00,1722902400,2555.03,2416.38,2420.39,714375.21,1782189220.6,2462.39,direct,,1781474845.3899999
2024-08-07 00:00:00,1722988800,2552.44,2309.57,2462.39,726776.89,1768819066.35,2343.5,direct,,1768092289.4599998
2024-08-08 00:00:00,1723075200,2725.27,2321.44,2343.5,683581.04,1720305405.81,2683.62,direct,,1719621824.77
2024-08-09 00:00:00,1723161600,2708.37,2553.45,2683.62,477272.21,1254678742.58,2600.21,direct,,1254201470.37
2024-08-10 00:00:00,1723248000,2645.71,2577.75,2600.21,216883.19,566478754.71,2610.64,direct,,566261871.52
2024-08-11 00:00:00,1723334400,2720.01,2541.45,2610.64,341708.96,895626363.13,2555.67,direct,,895284654.17
2024-08-12 00:00:00,1723420800,2750.36,2510.8,2555.67,568584.98,1497872954.96,2723.07,direct,,1497304369.98
2024-08-13 00:00:00,1723507200,2738.95,2611.9,2723.07,445417.36,1193720774.03,2703.6,direct,,1193275356.67
2024-08-14 00:00:00,1723593600,2780.36,2634.08,2703.6,501689.55,1352456213.01,2661.98,direct,,1351954523.46
2024-08-15 00:00:00,1723680000,2675.61,2516.45,2661.98,513312.96,1339226674.49,2570.39,direct,,1338713361.53
2024-08-16 00:00:00,1723766400,2631.33,2551.62,2570.39,386678.1,1004141276.96,2593.7,direct,,1003754598.86
2024-08-17 00:00:00,1723852800,2627.79,2588.33,2593.7,145605.55,379457607.09,2614.92,direct,,379312001.53999996
2024-08-18 00:00:00,1723939200,2688.05,2595.09,2614.92,230351.73,608760936.0,2612.58,direct,,608530584.27
2024-08-19 00:00:00,1724025600,2648.59,2564.33,2612.58,350672.63,913374780.6,2637.47,direct,,913024107.97
2024-08-20 00:00:00,1724112000,2696.96,2555.47,2637.47,391914.19,1027820178.53,2573.25,direct,,1027428264.3399999
2024-08-21 00:00:00,1724198400,2665.0,2536.65,2573.25,406904.03,1060404718.81,2631.39,direct,,1059997814.78
2024-08-22 00:00:00,1724284800,2645.74,2585.16,2631.39,302785.48,792847483.99,2623.57,direct,,792544698.51
2024-08-23 00:00:00,1724371200,2801.3,2622.04,2623.57,454835.09,1227460805.08,2764.81,direct,,1227005969.99
2024-08-24 00:00:00,1724457600,2821.03,2734.68,2764.81,247938.26,687507298.7,2769.86,direct,,687259360.44
2024-08-25 00:00:00,1724544000,2793.69,2734.94,2769.86,197125.99,544826991.77,2747.52,direct,,544629865.78
2024-08-26 00:00:00,1724630400,2763.44,2667.78,2747.52,361330.86,983028927.22,2681.15,direct,,982667596.36
2024-08-27 00:00:00,1724716800,2700.25,2397.41,2681.15,575029.06,1478097677.49,2458.29,direct,,1477522648.43
2024-08-28 00:00:00,1724803200,2555.36,2419.63,2458.29,723938.63,1805521537.98,2528.73,direct,,1804797599.35
2024-08-29 00:00:00,1724889600,2596.48,2505.99,2528.73,490152.85,1248564659.83,2527.97,direct,,1248074506.98
2024-08-30 00:00:00,1724976000,2549.39,2431.81,2527.97,540292.51,1350698797.75,2526.02,direct,,1350158505.24
2024-08-31 00:00:00,1725062400,2533.75,2492.3,2526.02,161106.88,405411435.18,2513.01,direct,,405250328.3
2024-09-01 00:00:00,1725148800,2516.11,2399.46,2513.01,391153.73,965223692.27,2426.06,direct,,964832538.54
2024-09-02 00:00:00,1725235200,2564.12,2423.46,2426.06,443297.14,1104998067.39,2538.22,direct,,1104554770.25
2024-09-03 00:00:00,1725321600,2553.6,2412.13,2538.22,404963.91,1002071915.38,2424.4,direct,,1001666951.47
2024-09-04 00:00:00,1725408000,2489.97,2307.38,2424.4,631890.81,1522896400.47,2450.36,direct,,1522264509.66
2024-09-05 00:00:00,1725494400,2465.98,2347.87,2450.36,506160.09,1211036915.11,2367.89,direct,,1210530755.02
2024-09-06 00:00:00,1725580800,2408.12,2150.58,2367.89,1270951.21,2911433881.45,2224.52,direct,,2910162930.24
2024-09-07 00:00:00,1725667200,2311.5,2221.47,2224.52,397641.65,903055827.51,2273.45,direct,,902658185.86
2024-09-08 00:00:00,1725753600,2333.32,2240.93,2273.45,418755.78,956132080.19,2297.39,direct,,955713324.4100001
2024-09-09 00:00:00,1725840000,2381.15,2272.96,2297.39,734292.08,1706417888.46,2360.0,direct,,1705683596.38
2024-09-10 00:00:00,1725926400,2399.89,2321.2,2360.0,515248.66,1213946829.14,2388.83,direct,,1213431580.48
2024-09-11 00:00:00,1726012800,2389.63,2277.46,2388.83,810168.09,1893281252.44,2340.73,direct,,1892471084.3500001
2024-09-12 00:00:00,1726099200,2392.23,2315.2,2340.73,540552.51,1272153141.66,2361.91,direct,,1271612589.15
2024-09-13 00:00:00,1726185600,2467.01,2337.55,2361.91,558228.19,1341722179.48,2441.28,direct,,1341163951.29
2024-09-14 00:00:00,1726272000,2442.6,2380.27,2441.28,228792.89,553168350.76,2418.52,direct,,552939557.87
2024-09-15 00:00:00,1726358400,2430.97,2284.83,2418.52,397331.43,939667666.73,2316.46,direct,,939270335.3000001
2024-09-16 00:00:00,1726444800,2335.55,2252.35,2316.46,620444.86,1419906010.83,2295.53,direct,,1419285565.97
2024-09-17 00:00:00,1726531200,2394.13,2263.23,2295.53,534392.14,1250600523.86,2342.21,direct,,1250066131.7199998
2024-09-18 00:00:00,1726617600,2376.81,2277.24,2342.21,802301.0,1863106009.93,2375.01,direct,,1862303708.93
2024-09-19 00:00:00,1726704000,2495.81,2373.21,2375.01,669373.26,1631198496.45,2465.83,direct,,1630529123.19
2024-09-20 00:00:00,1726790400,2572.48,2438.28,2465.83,662488.82,1676058410.49,2561.88,direct,,1675395921.67
2024-09-21 00:00:00,1726876800,2623.23,2529.08,2561.88,350291.99,898249036.55,2613.27,direct,,897898744.56
2024-09-22 00:00:00,1726963200,2632.42,2525.5,2613.27,433318.91,1119229049.35,2581.43,direct,,1118795730.4399998
2024-09-23 00:00:00,1727049600,2703.72,2540.14,2581.43,797788.43,2114026606.3,2647.17,direct,,2113228817.87
2024-09-24 00:00:00,1727136000,2671.47,2591.67,2647.17,564932.4,1489530217.0,2653.41,direct,,1488965284.6
2024-09-25 00:00:00,1727222400,2673.98,2554.44,2653.41,458195.34,1193419716.98,2579.69,direct,,1192961521.64
2024-09-26 00:00:00,1727308800,2667.12,2558.97,2579.69,636262.74,1671331616.32,2632.81,direct,,1670695353.58
2024-09-27 00:00:00,1727395200,2729.09,2615.78,2632.81,630258.28,1686949107.85,2695.48,direct,,1686318849.57
2024-09-28 00:00:00,1727481600,2704.85,2650.36,2695.48,253740.82,679092312.05,2676.03,direct,,678838571.2299999
2024-09-29 00:00:00,1727568000,2684.06,2634.67,2676.03,336903.96,896401461.54,2658.08,direct,,896064557.5799999
2024-09-30 00:00:00,1727654400,2663.74,2574.29,2658.08,675135.62,1764901279.49,2601.63,direct,,1764226143.8700001
2024-10-01 00:00:00,1727740800,2658.14,2412.86,2601.63,935350.48,2371417682.45,2447.54,direct,,2370482331.97
2024-10-02 00:00:00,1727827200,2498.47,2351.69,2447.54,878594.95,2135168461.41,2363.64,direct,,2134289866.46
2024-10-03 00:00:00,1727913600,2403.1,2309.02,2363.64,791791.01,1861233702.36,2349.81,direct,,1860441911.35
2024-10-04 00:00:00,1728000000,2441.17,2339.08,2349.81,613653.36,1466938297.17,2414.67,direct,,1466324643.8100002
2024-10-05 00:00:00,1728086400,2428.3,2389.86,2414.67,228294.58,550227220.41,2414.79,direct,,549998925.8299999
2024-10-06 00:00:00,1728172800,2457.66,2406.92,2414.79,247260.3,602094342.62,2439.96,direct,,601847082.32
2024-10-07 00:00:00,1728259200,2520.68,2403.11,2439.96,605307.21,1493722557.57,2422.14,direct,,1493117250.36
2024-10-08 00:00:00,1728345600,2464.96,2400.15,2422.14,565992.23,1377080732.7,2439.67,direct,,1376514740.47
2024-10-09 00:00:00,1728432000,2472.34,2349.45,2439.67,628217.18,1523323936.03,2368.44,direct,,1522695718.85
2024-10-10 00:00:00,1728518400,2418.45,2327.91,2368.44,646463.58,1537729729.42,2384.4,direct,,1537083265.8400002
2024-10-11 00:00:00,1728604800,2471.51,2380.07,2384.4,514548.99,1249706601.35,2439.03,direct,,1249192052.36
2024-10-12 00:00:00,1728691200,2489.88,2433.76,2439.03,268416.86,661111678.56,2475.93,direct,,660843261.6999999
2024-10-13 00:00:00,1728777600,2484.69,2436.05,2475.93,309345.14,760699456.42,2468.12,direct,,760390111.28
2024-10-14 00:00:00,1728864000,2653.38,2442.68,2468.12,691238.78,1776744305.84,2629.02,direct,,1776053067.06
2024-10-15 00:00:00,1728950400,2687.32,2536.79,2629.02,701243.67,1823524605.14,2606.92,direct,,1822823361.47
2024-10-16 00:00:00,1729036800,2647.0,2588.65,2606.92,471282.51,1233603929.17,2610.95,direct,,1233132646.66
2024-10-17 00:00:00,1729123200,2647.64,2574.89,2610.95,439222.83,1147142948.19,2605.1,direct,,1146703725.3600001
2024-10-18 00:00:00,1729209600,2676.03,2595.49,2605.1,449053.78,1183525663.73,2642.22,direct,,1183076609.95
2024-10-19 00:00:00,1729296000,2663.13,2631.03,2642.22,157675.14,416907551.95,2648.12,direct,,416749876.81
2024-10-20 00:00:00,1729382400,2758.61,2635.5,2648.12,336813.48,908873436.8,2746.4,direct,,908536623.3199999
2024-10-21 00:00:00,1729468800,2768.44,2653.51,2746.4,485361.67,1309809409.67,2665.9,direct,,1309324048.0
2024-10-22 00:00:00,1729555200,2670.69,2605.16,2665.9,468082.26,1231574569.37,2621.31,direct,,1231106487.11
2024-10-23 00:00:00,1729641600,2626.44,2447.63,2621.31,554160.28,1409947643.87,2522.33,direct,,1409393483.59
2024-10-24 00:00:00,1729728000,2559.63,2505.09,2522.33,520686.94,1317937404.35,2534.54,direct,,1317416717.4099998
2024-10-25 00:00:00,1729814400,2564.77,2379.92,2534.54,793068.69,1979249041.9,2436.2,direct,,1978455973.21
2024-10-26 00:00:00,1729900800,2504.68,2426.19,2436.2,374032.46,919877716.08,2479.7,direct,,919503683.62
2024-10-27 00:00:00,1729987200,2524.68,2460.86,2479.7,250034.47,622733569.44,2505.21,direct,,622483534.97
2024-10-28 00:00:00,1730073600,2587.97,2468.99,2505.21,621030.44,1563895675.64,2565.82,direct,,1563274645.2
2024-10-29 00:00:00,1730160000,2681.49,2559.73,2565.82,695762.27,1827635698.82,2638.16,direct,,1826939936.55
2024-10-30 00:00:00,1730246400,2721.17,2599.62,2638.16,598055.65,1596173816.57,2658.35,direct,,1595575760.9199998
2024-10-31 00:00:00,1730332800,2668.16,2500.37,2658.35,525510.51,1356038657.29,2515.04,direct,,1355513146.78
2024-11-01 00:00:00,1730419200,2585.36,2465.23,2515.04,540363.93,1361183545.79,2510.39,direct,,1360643181.86
2024-11-02 00:00:00,1730505600,2522.44,2470.1,2510.39,197860.22,493209504.13,2493.41,direct,,493011643.90999997
2024-11-03 00:00:00,1730592000,2495.76,2410.21,2493.41,456155.0,1116194001.28,2456.66,direct,,1115737846.28
2024-11-04 00:00:00,1730678400,2489.68,2356.45,2456.66,488064.97,1188223675.72,2396.87,direct,,1187735610.75
2024-11-05 00:00:00,1730764800,2479.4,2379.36,2396.87,541608.48,1318124371.56,2422.4,direct,,1317582763.08
2024-11-06 00:00:00,1730851200,2746.79,2420.17,2422.4,983307.18,2568248687.47,2724.61,direct,,2567265380.29
2024-11-07 00:00:00,1730937600,2920.14,2701.67,2724.61,983985.53,2796153110.79,2897.52,direct,,2795169125.2599998
2024-11-08 00:00:00,1731024000,2985.38,2889.33,2897.52,864685.78,2534385795.77,2963.98,direct,,2533521109.99
2024-11-09 00:00:00,1731110400,3158.45,2957.02,2963.98,674864.79,2054533990.24,3127.99,direct,,2053859125.45
2024-11-10 00:00:00,1731196800,3251.73,3070.75,3127.99,1066371.96,3390612974.74,3186.06,direct,,3389546602.7799997
2024-11-11 00:00:00,1731283200,3391.44,3108.06,3186.06,1371655.28,4474444777.51,3375.79,direct,,4473073122.2300005
2024-11-12 00:00:00,1731369600,3446.83,3210.71,3375.79,1572933.12,5174594924.83,3247.18,direct,,5173021991.71
2024-11-13 00:00:00,1731456000,3339.13,3121.1,3247.18,1694646.9,5472868207.56,3191.32,direct,,5471173560.660001
2024-11-14 00:00:00,1731542400,3242.46,3029.87,3191.32,1094612.33,3442349717.01,3059.11,direct,,3441255104.6800003
2024-11-15 00:00:00,1731628800,3131.21,3014.42,3059.11,1010306.63,3095289918.88,3091.03,direct,,3094279612.25
2024-11-16 00:00:00,1731715200,3220.45,3073.05,3091.03,711991.72,2242190060.83,3134.46,direct,,2241478069.11
2024-11-17 00:00:00,1731801600,3161.64,3035.43,3134.46,883275.45,2731030374.29,3076.78,direct,,2730147098.84
2024-11-18 00:00:00,1731888000,3225.96,3043.95,3076.78,1056560.33,3307522653.43,3209.54,direct,,3306466093.1
2024-11-19 00:00:00,1731974400,3222.68,3069.92,3209.54,872393.18,2725538047.03,3112.1,direct,,2724665653.8500004
2024-11-20 00:00:00,1732060800,3161.74,3032.19,3112.1,920895.41,2847325391.97,3072.39,direct,,2846404496.56
2024-11-21 00:00:00,1732147200,3390.36,3035.42,3072.39,1472261.88,4818916672.09,3359.82,direct,,4817444410.21
2024-11-22 00:00:00,1732233600,3429.52,3260.59,3359.82,1093593.44,3631141762.22,3331.89,direct,,3630048168.7799997
2024-11-23 00:00:00,1732320000,3500.84,3316.75,3331.89,1006484.06,3427409235.21,3397.31,direct,,3426402751.15
2024-11-24 00:00:00,1732406400,3453.25,3286.01,3397.31,714306.85,2391223534.12,3364.81,direct,,2390509227.27
2024-11-25 00:00:00,1732492800,3546.9,3304.24,3364.81,1551247.76,5348045568.7,3414.86,direct,,5346494320.94
2024-11-26 00:00:00,1732579200,3463.14,3253.0,3414.86,1228456.09,4105940785.22,3323.46,direct,,4104712329.1299996
2024-11-27 00:00:00,1732665600,3688.67,3300.95,3323.46,1089769.54,3826715224.77,3657.71,direct,,3825625455.23
2024-11-28 00:00:00,1732752000,3665.49,3530.59,3657.71,676354.04,2431980739.66,3579.62,direct,,2431304385.62
2024-11-29 00:00:00,1732838400,3649.37,3535.89,3579.62,638222.65,2294777437.53,3593.72,direct,,2294139214.88
2024-11-30 00:00:00,1732924800,3740.88,3569.68,3593.72,602183.58,2207693328.33,3706.22,direct,,2207091144.75
2024-12-01 00:00:00,1733011200,3748.69,3661.41,3706.22,615049.12,2280739856.71,3710.38,direct,,2280124807.59
2024-12-02 00:00:00,1733097600,3763.68,3556.46,3710.38,1050376.87,3830838282.74,3644.73,direct,,3829787905.87
2024-12-03 00:00:00,1733184000,3670.83,3502.19,3644.73,957760.15,3438318051.88,3617.6,direct,,3437360291.73
2024-12-04 00:00:00,1733270400,3896.39,3617.49,3617.6,1491705.74,5638336910.75,3845.15,direct,,5636845205.01
2024-12-05 00:00:00,1733356800,3960.04,3682.13,3845.15,1530990.47,5910223747.31,3789.23,direct,,5908692756.84
2024-12-06 00:00:00,1733443200,4095.77,3781.72,3789.23,1111693.25,4407628437.66,4005.27,direct,,4406516744.41
2024-12-07 00:00:00,1733529600,4030.6,3973.34,4005.27,377746.89,1511812189.23,4000.53,direct,,1511434442.34
2024-12-08 00:00:00,1733616000,4018.61,3925.98,4000.53,352808.68,1406686505.66,4007.11,direct,,1406333696.98
2024-12-09 00:00:00,1733702400,4008.95,3518.41,4007.11,1331815.99,5064825849.26,3714.19,direct,,5063494033.27
2024-12-10 00:00:00,1733788800,3782.03,3516.11,3714.19,1532770.64,5597783203.75,3630.62,direct,,5596250433.11
2024-12-11 00:00:00,1733875200,3851.87,3564.93,3630.62,846033.64,3159616884.11,3834.97,direct,,3158770850.4700003
2024-12-12 00:00:00,1733961600,3989.26,3800.06,3834.97,992205.5,3885860560.96,3882.65,direct,,3884868355.46
2024-12-13 00:00:00,1734048000,3969.42,3854.19,3882.65,671079.01,2626819579.66,3907.67,direct,,2626148500.6499996
2024-12-14 00:00:00,1734134400,3945.69,3824.52,3907.67,407410.26,1580739900.2,3869.58,direct,,1580332489.94
2024-12-15 00:00:00,1734220800,3973.82,3831.25,3869.58,401077.22,1561831736.65,3957.8,direct,,1561430659.43
2024-12-16 00:00:00,1734307200,4109.05,3882.18,3957.8,952417.89,3800570708.81,3987.5,direct,,3799618290.92
2024-12-17 00:00:00,1734393600,4041.72,3848.18,3987.5,786202.61,3116969165.01,3893.55,direct,,3116182962.4
2024-12-18 00:00:00,1734480000,3906.34,3615.92,3893.55,1372709.16,5182260876.45,3624.67,direct,,5180888167.29
2024-12-19 00:00:00,1734566400,3718.21,3324.98,3624.67,1830425.9,6434804570.5,3414.47,direct,,6432974144.6
2024-12-20 00:00:00,1734652800,3497.41,3097.02,3414.47,2219323.99,7390121010.87,3470.82,direct,,7387901686.88
2024-12-21 00:00:00,1734739200,3553.59,3291.33,3470.82,1155916.14,3923463162.61,3337.38,direct,,3922307246.4700003
2024-12-22 00:00:00,1734825600,3400.67,3217.99,3337.38,1040424.92,3448396650.54,3278.9,direct,,3447356225.62
2024-12-23 00:00:00,1734912000,3462.33,3214.22,3278.9,1490422.32,4956901207.6,3418.24,direct,,4955410785.280001
2024-12-24 00:00:00,1734998400,3537.95,3353.25,3418.24,786958.56,2711580953.17,3491.08,direct,,2710793994.61
2024-12-25 00:00:00,1735084800,3544.38,3437.73,3491.08,491620.39,1709235407.44,3494.17,direct,,1708743787.05
2024-12-26 00:00:00,1735171200,3512.4,3301.29,3494.17,763125.04,2568515605.11,3331.04,direct,,2567752480.07
2024-12-27 00:00:00,1735257600,3438.15,3302.29,3331.04,853759.31,2858674867.14,3328.67,direct,,2857821107.83
2024-12-28 00:00:00,1735344000,3421.63,3317.24,3328.67,387541.31,1304303831.05,3397.86,direct,,1303916289.74
2024-12-29 00:00:00,1735430400,3408.15,3319.97,3397.86,378550.32,1272748683.17,3350.43,direct,,1272370132.8500001
2024-12-30 00:00:00,1735516800,3430.01,3297.17,3350.43,941507.45,3169278070.97,3356.45,direct,,3168336563.52
2024-12-31 00:00:00,1735603200,3446.75,3310.44,3356.45,657646.83,2216564705.88,3331.15,direct,,2215907059.05
2025-01-01 00:00:00,1735689600,3367.25,3307.9,3331.15,435980.05,1456285978.13,3353.28,direct,,1455849998.0800002
2025-01-02 00:00:00,1735776000,3501.88,3347.42,3353.28,636086.97,2190668108.25,3452.59,direct,,2190032021.28
2025-01-03 00:00:00,1735862400,3629.72,3420.39,3452.59,573464.49,2032387048.39,3607.83,direct,,2031813583.9
2025-01-04 00:00:00,1735948800,3670.74,3571.37,3607.83,344694.11,1249248939.8,3656.45,direct,,1248904245.69
2025-01-05 00:00:00,1736035200,3674.88,3593.38,3656.45,266362.47,966999828.9,3635.29,direct,,966733466.43
2025-01-06 00:00:00,1736121600,3745.42,3610.01,3635.29,656886.99,2412844220.17,3688.83,direct,,2412187333.1800003
2025-01-07 00:00:00,1736208000,3702.31,3355.66,3688.83,1018302.92,3552335338.04,3380.43,direct,,3551317035.12
2025-01-08 00:00:00,1736294400,3414.51,3206.56,3380.43,1153190.37,3829595997.28,3326.54,direct,,3828442806.9100003
2025-01-09 00:00:00,1736380800,3356.53,3157.37,3326.54,910975.51,2966166459.79,3219.05,direct,,2965255484.2799997
2025-01-10 00:00:00,1736467200,3321.87,3194.45,3219.05,761483.53,2481338284.36,3266.41,direct,,2480576800.83
2025-01-11 00:00:00,1736553600,3318.86,3217.1,3266.41,203414.68,664675634.73,3281.96,direct,,664472220.0500001
2025-01-12 00:00:00,1736640000,3298.43,3223.43,3281.96,207030.12,676543393.41,3266.23,direct,,676336363.29
2025-01-13 00:00:00,1736726400,3336.51,2914.43,3266.23,1280425.97,3948458235.06,3136.46,direct,,3947177809.09
2025-01-14 00:00:00,1736812800,3256.06,3124.84,3136.46,620405.54,1982744482.39,3224.35,direct,,1982124076.8500001
2025-01-15 00:00:00,1736899200,3474.83,3185.43,3224.35,648861.59,2156251132.13,3451.52,direct,,2155602270.54
2025-01-16 00:00:00,1736985600,3460.18,3264.33,3451.52,676527.58,2258742497.1,3307.52,direct,,2258065969.52
2025-01-17 00:00:00,1737072000,3526.53,3307.3,3307.52,665412.16,2278124769.58,3475.27,direct,,2277459357.42
2025-01-18 00:00:00,1737158400,3495.59,3225.3,3475.27,692333.48,2293358355.85,3304.42,direct,,2292666022.37
2025-01-19 00:00:00,1737244800,3445.08,3125.79,3304.42,1498939.76,4948749700.72,3210.82,direct,,4947250760.96
